{
  "Ayapango": [
    19.12759484375,
    -98.80007140624998
  ],
  "Chiautla": [
    19.573051,
    -98.885112
  ],
  "Chimalhuacán": [
    19.413982999999998,
    -98.95890166666665
  ],
  "San Felipe del Progreso": [
    19.661061106796115,
    -99.9806079514563
  ],
  "Atlautla": [
    19.01683948888888,
    -98.75922411111114
  ],
  "Tequixquiac": [
    19.911680499999996,
    -99.1245972142857
  ],
  "Villa de Allende": [
    19.38375758666666,
    -100.12803836000002
  ],
  "Sultepec": [
    18.748836961538466,
    -99.97975624358973
  ],
  "Tultepec": [
    19.678568000000002,
    -99.11798355555555
  ],
  "Jilotzingo": [
    19.520195476190477,
    -99.38357847619048
  ],
  "Atlacomulco": [
    19.814016913043485,
    -99.86124137681158
  ],
  "Valle de Chalco Solidaridad": [
    19.25455025,
    -98.95764825
  ],
  "Coacalco de Berriozábal": [
    19.616369749999997,
    -99.09915725
  ],
  "Aculco": [
    20.11205375714286,
    -99.8254451
  ],
  "Zacazonapan": [
    19.055878250000003,
    -100.26554908333333
  ],
  "Lerma": [
    19.35582363888889,
    -99.47039362499999
  ],
  "San José del Rincón": [
    19.625888739436615,
    -100.13141596478876
  ],
  "Tepetlaoxtoc": [
    19.566983095238093,
    -98.79509414285715
  ],
  "Otzolotepec": [
    19.436638026315787,
    -99.54203315789474
  ],
  "Temamatla": [
    19.19931655555556,
    -98.87524714814815
  ],
  "Nezahualcóyotl": [
    19.423067833333334,
    -99.0161465
  ],
  "Tepetlixpa": [
    19.006268759999998,
    -98.83021412
  ],
  "Cuautitlán": [
    19.7173596,
    -99.15525896666666
  ],
  "Papalotla": [
    19.55893166666667,
    -98.857147
  ],
  "Polotitlán": [
    20.21990562068966,
    -99.8221873448276
  ],
  "Amanalco": [
    19.26214806451613,
    -99.99901245161288
  ],
  "Joquicingo": [
    19.063332230769227,
    -99.52588815384617
  ],
  "Temascaltepec": [
    19.064477861538467,
    -99.98721546153844
  ],
  "Donato Guerra": [
    19.311202483870968,
    -100.19035609677418
  ],
  "El Oro": [
    19.79121082222222,
    -100.07578937777778
  ],
  "Otumba": [
    19.670395042553192,
    -98.74958951063833
  ],
  "Zinacantepec": [
    19.265276553571432,
    -99.77453394642858
  ],
  "Tezoyuca": [
    19.592791285714288,
    -98.92416935714286
  ],
  "Texcalyacac": [
    19.13432,
    -99.5016206
  ],
  "Jaltenco": [
    19.7072975,
    -99.08241749999999
  ],
  "Tonanitla": [
    19.684504428571426,
    -99.05811485714285
  ],
  "Temoaya": [
    19.471198374999993,
    -99.59845409374998
  ],
  "Jocotitlán": [
    19.707614793650794,
    -99.80207428571426
  ],
  "Tlalnepantla de Baz": [
    19.5600234,
    -99.1312722
  ],
  "Jilotepec": [
    20.006370469696968,
    -99.59322033333338
  ],
  "Atizapán de Zaragoza": [
    19.55939028571429,
    -99.28491371428572
  ],
  "Ocoyoacac": [
    19.272968585365856,
    -99.43624668292682
  ],
  "San Martín de las Pirámides": [
    19.716977047619043,
    -98.83032223809522
  ],
  "Toluca": [
    19.33108249137931,
    -99.65484789655169
  ],
  "Villa del Carbón": [
    19.7292025,
    -99.46143461666661
  ],
  "Tenango del Valle": [
    19.08327514,
    -99.60608101999998
  ],
  "La Paz": [
    19.36266966666667,
    -98.94400305555558
  ],
  "Valle de Bravo": [
    19.16888930666667,
    -100.10791825333331
  ],
  "Xonacatlán": [
    19.42706719047619,
    -99.47903100000002
  ],
  "Tenango del Aire": [
    19.159621444444447,
    -98.86014674074075
  ],
  "Timilpan": [
    19.880252999999996,
    -99.72534048148148
  ],
  "San Simón de Guerrero": [
    18.979155586206893,
    -100.03785134482757
  ],
  "Nextlalpan": [
    19.73236855172414,
    -99.08519889655173
  ],
  "Temascalapa": [
    19.814706758620687,
    -98.87942082758619
  ],
  "Metepec": [
    19.239836999999998,
    -99.58928760869567
  ],
  "Almoloya de Juárez": [
    19.39821781081081,
    -99.817690990991
  ],
  "Atizapán": [
    19.177848166666667,
    -99.49500216666667
  ],
  "Tenancingo": [
    18.96075180327869,
    -99.57556859016395
  ],
  "Otzoloapan": [
    19.115366575000003,
    -100.33644812499999
  ],
  "Tecámac": [
    19.72058327272726,
    -98.9693254
  ],
  "Tejupilco": [
    18.862110168478267,
    -100.23098253260873
  ],
  "Chiconcuac": [
    19.5515945,
    -98.89674600000001
  ],
  "Huehuetoca": [
    19.834418192307687,
    -99.22883353846156
  ],
  "Xalatlaco": [
    19.16989110526316,
    -99.39460531578946
  ],
  "Capulhuac": [
    19.21441394117647,
    -99.46196264705884
  ],
  "Coatepec Harinas": [
    18.93757496721311,
    -99.79136424590162
  ],
  "Nopaltepec": [
    19.804637615384614,
    -98.709399
  ],
  "Texcaltitlán": [
    18.93969482857143,
    -99.93789594285714
  ],
  "Jiquipilco": [
    19.5838184691358,
    -99.6471874814815
  ],
  "Villa Guerrero": [
    18.96373338636364,
    -99.67351168181818
  ],
  "Zumpahuacán": [
    18.83579580645161,
    -99.56350299999997
  ],
  "Luvianos": [
    18.94650574162679,
    -100.42327766507174
  ],
  "Mexicaltzingo": [
    19.209893,
    -99.58185624999999
  ],
  "Ocuilan": [
    18.9901752244898,
    -99.4089714693878
  ],
  "Santo Tomás": [
    19.177377611111105,
    -100.28307833333332
  ],
  "Tepotzotlán": [
    19.717621422222216,
    -99.27807682222222
  ],
  "Temascalcingo": [
    19.915988545454546,
    -100.03202469696971
  ],
  "Tlatlaya": [
    18.562207732620323,
    -100.25866222459888
  ],
  "Juchitepec": [
    19.097330517241378,
    -98.8722482413793
  ],
  "San Mateo Atenco": [
    19.262315333333333,
    -99.54399366666667
  ],
  "Amecameca": [
    19.115985499999997,
    -98.76143201851852
  ],
  "Zacualpan": [
    18.703180736111108,
    -99.813181625
  ],
  "Morelos": [
    19.745948361702126,
    -99.64690023404259
  ],
  "Zumpango": [
    19.813269395061727,
    -99.06461769135801
  ],
  "Tultitlán": [
    19.62983708333333,
    -99.14072449999999
  ],
  "Tianguistenco": [
    19.164898894736847,
    -99.44780984210527
  ],
  "Axapusco": [
    19.77067384,
    -98.7322716
  ],
  "Cocotitlán": [
    19.226946454545455,
    -98.85881281818183
  ],
  "Chicoloapan": [
    19.403519411764705,
    -98.88233388235294
  ],
  "Teotihuacán": [
    19.688115268292684,
    -98.8696696585366
  ],
  "Tlalmanalco": [
    19.197474420000002,
    -98.79205666
  ],
  "Ixtapan de la Sal": [
    18.851639911764703,
    -99.68685611764705
  ],
  "Chapa de Mota": [
    19.824944868421046,
    -99.5551045263158
  ],
  "Huixquilucan": [
    19.382499901639342,
    -99.34245845901636
  ],
  "Almoloya del Río": [
    19.155878,
    -99.48005624999999
  ],
  "Naucalpan de Juárez": [
    19.46421625862069,
    -99.3269480689655
  ],
  "Nicolás Romero": [
    19.64015322222222,
    -99.37787426666667
  ],
  "Coyotepec": [
    19.790384833333334,
    -99.21238000000001
  ],
  "Amatepec": [
    18.705183494736833,
    -100.2900140210526
  ],
  "Malinalco": [
    18.890182428571435,
    -99.48195947619045
  ],
  "Ixtapan del Oro": [
    19.2574639,
    -100.27890485
  ],
  "Melchor Ocampo": [
    19.713512636363635,
    -99.13584127272729
  ],
  "Isidro Fabela": [
    19.563118222222222,
    -99.40856855555553
  ],
  "Rayón": [
    19.136649777777777,
    -99.57421266666668
  ],
  "Atenco": [
    19.565709933333334,
    -98.93264213333333
  ],
  "Ecatepec de Morelos": [
    19.596172,
    -99.05809428571429
  ],
  "Tonatico": [
    18.787690842105263,
    -99.64951484210528
  ],
  "Villa Victoria": [
    19.460356138888887,
    -100.00096153703707
  ],
  "Hueypoxtla": [
    19.94510757142857,
    -99.02184885714284
  ],
  "Ozumba": [
    19.006339263157894,
    -98.81015857894737
  ],
  "Calimaya": [
    19.17605385294118,
    -99.61231458823528
  ],
  "Ixtapaluca": [
    19.339208423728817,
    -98.82563828813561
  ],
  "Chalco": [
    19.244770363636366,
    -98.86379553246755
  ],
  "Acolman": [
    19.638724176470596,
    -98.91997961764706
  ],
  "Chapultepec": [
    19.201810181818182,
    -99.56060554545455
  ],
  "Ecatzingo": [
    18.9630117,
    -98.7647076
  ],